,Control,Test
U,34.05575387,34.35924058
M,33.86877443,33.28760012
F,32.05422404,32.31978641
X,0,0.007416197
